{"q": {"corridor:(0, 0)": [4.789611434664058, 5.012786520841103, 4.80718804204929, 4.215096820201645], "corridor:(0, 1)": [4.731215719573275, 4.712870965807403, 4.614159318128541, 4.973516918459051], "corridor:(1, 1)": [4.738907586602839, 4.689127217872052, 4.766108810545663, 4.719939131410328], "corridor:(2, 1)": [4.719704123855649, 3.4841326379094997, 3.263135956318128, 4.163959917164632], "corridor:(2, 2)": [4.0179053065772745, 3.2840612919526784, 1.178493737251306, 5.129802125663365], "corridor:(1, 2)": [4.004673243428807, 4.239910050548426, 4.730884750363375, 5.043028327176208], "corridor:(0, 2)": [4.662978590936717, 4.196029336694607, 4.921250777412744, 4.41027237996974], "corridor:(1, 0)": [4.7788546088928125, 4.540309199769713, 4.762846995856693, 4.806354881310596], "corridor:(1, 3)": [5.130643655812579, 4.582112415910572, 4.770431630399137, 1.6459525070432148], "corridor:(1, 4)": [4.221717214135583, 1.4086299896109438, 2.4046119450304753, -2.1911215620113285], "corridor:(2, 4)": [1.8736070425571318, 2.6956328473775475, 3.4104641488574727, 0.9974590240271372], "corridor:(2, 5)": [0.6689813371726911, 2.0927366498720112, 2.020613751836227, 0.19836524507722453], "corridor:(1, 5)": [0.7205002722764091, 1.2206329145086354, 0.740167330761998, -0.3240930416991906], "corridor:(0, 4)": [4.914655312084301, 3.3636826468727303, 5.112837473992643, 0.50043357860949], "corridor:(0, 5)": [2.4067908821481607, 0.1737914406670439, 3.991313873583966, 0.2565119456203233], "corridor:(2, 3)": [4.923366285669843, 5.361222527654303, 5.113502324066202, 2.2023648989890887], "corridor:(3, 4)": [0.09433271348204142, 0.4409420592282852, 4.302559277411984, 1.897244430867408], "corridor:(0, 6)": [0.4754564122419197, 0.10685521368541052, 1.3517076017581038, 0.20281080687326725], "corridor:(1, 6)": [0.355001488522707, 0.21664937944268342, 0.4189638605376802, 0.1635964848090849], "corridor:(2, 6)": [0.10128987557233923, 0.5026414311704711, 1.4824213663030406, 1.2548676240427667], "corridor:(3, 6)": [-0.18885598848308885, 1.3021183040577369, 0.5982286492630486, 0.3988416764883233], "corridor:(4, 4)": [1.6699362795544268, 0.3884718642639445, 0, 0], "corridor:(5, 4)": [0.317785340894747, 0, 0, 0.8901793740860189], "corridor:(5, 5)": [2.287760980003771, 5.543246808368283, 0.2257965676651863, 0], "corridor:(4, 5)": [0.6542690741803399, 3.5637123120774263, 0, 0.3537679863036042], "corridor:(3, 5)": [1.5686427287644589, 0.6223200936464648, 3.2412339995860586, 0.02922101361025703], "corridor:(4, 6)": [0.6526778238433473, 1.2703251671506857, 1.4610371362826815, 0.6664696470262128], "corridor:(3, 3)": [5.18724803614496, 5.420815130601942, 2.6301503689300376, 2.025710791828959], "corridor:(4, 3)": [2.544259543746568, 7.572578857987502, 0, 0], "corridor:(5, 3)": [0, 7.73867433865084, 0, 0], "corridor:(6, 3)": [0, 0, 1.0804298456556225, 7.873288963228111], "corridor:(6, 4)": [0.16554274026558016, 0, 0, 8.00765568493349], "corridor:(6, 5)": [0, 2.0574735298685325, 0.6965248024279044, 8.200330911227699], "corridor:(6, 6)": [3.8282329120808707, 4.616327364648676, 7.731831688740294, -0.00468559], "corridor:(2, 0)": [4.308998765169802, 3.8126462601526785, 4.199214106822731, 4.6430084920979775], "corridor:(3, 2)": [4.763809051047045, 0.8486828421207109, 1.295110599385803, 4.890243813668439], "corridor:(4, 2)": [2.5479733482387257, 1.5166869039221869, 1.189750956192802, 1.6020023820432059], "corridor:(3, 1)": [4.1787721028603375, 3.6284443799530974, 3.483311515968728, 2.75957433882763], "corridor:(4, 1)": [4.118378962389082, 1.1801163912517318, 1.5683962572164698, 2.350396536359818], "corridor:(3, 0)": [4.1848210051472075, 1.8861331162866872, 3.6017467077505345, 3.988879596251383], "corridor:(4, 0)": [2.942308385768974, 1.2928813487698227, 1.9344247589150119, 0.9242987384453618], "corridor:(0, 3)": [4.978153679348398, 5.124018992819712, 4.578086873740564, 4.9812088798087055], "corridor:(5, 0)": [0.6626436026128588, 2.2613590545316007, 1.8851546502449836, 1.3548039896726203], "corridor:(5, 2)": [2.0868543498899403, 4.764868741747982, 0, 0], "corridor:(5, 1)": [1.3447457684771287, 2.195869477331438, 1.3948129760628278, 2.6519114314964023], "corridor:(6, 0)": [1.4673169022790744, 2.3878579765887946, 2.010021909720358, 2.9415913779099188], "corridor:(6, 1)": [1.3762977231774642, 3.0423843948842952, 0.8975039759851929, 4.129019590244942], "corridor:(6, 2)": [3.891817027332933, 4.665838452885955, 1.9705719230187633, 6.829057875770898], "corridor:(5, 6)": [0.5790253905899727, 5.46541605303604, 2.320628984912192, 0], "corridor:(7, 6)": [3.8098298720405643, 3.6163239644746277, 5.675054775508422, 0], "corridor:(8, 6)": [4.284924512793647, 0, 0, 0], "corridor:(7, 5)": [7.377460051851883, 0, 0, 0], "corridor:(6, 7)": [-0.001, 0, 0, 0], "corridor:(5, 7)": [-0.00271, 0, 0, 0], "corridor:(4, 7)": [-0.0040951, 0, 0, 0], "corridor:(3, 7)": [-0.003439, 0, 0, 0], "corridor:(2, 7)": [-0.0040951, 0, 0, 0], "corridor:(1, 7)": [-0.003439, 0, 0, 0], "corridor:(0, 7)": [-0.0019000000000000002, 0, 0, 0], "maze:(0, 0)": [2.429435454072536, 1.8201543950271863, 2.3770430893027847, 2.5123204172104616], "maze:(6, 6)": [7.437796392669982, 7.105877733378134, 7.555458107817068, -0.003439], "maze:(6, 5)": [0, 6.851440085461523, 3.450946396240333, 7.593140861310385], "maze:(1, 3)": [3.171292612616238, 2.6917215770221006, 3.3224168487727583, 0.047325470787070056], "maze:(2, 3)": [2.9206951330331297, 3.51244959307185, 3.4225697699315942, 2.3995445057986644], "maze:(5, 0)": [3.001936021209065, 3.8924584582867445, 3.6651238449951298, 4.3174980636091025], "maze:(6, 0)": [3.2543921374826095, 4.297504233927082, 4.1209240607759305, 4.855043532039612], "maze:(1, 0)": [2.166614511745281, 1.8593690202995408, 2.29392434504135, 2.0581379797937145], "maze:(0, 1)": [2.9479206321845997, 3.059137252882268, 2.049459879340916, 2.7826348874757865], "maze:(2, 4)": [2.6606411128438854, 1.770783995305895, 3.044660323529325, 1.1525111232823186], "maze:(1, 4)": [2.8909166305234995, 2.1955206363984305, 2.8095660939101625, 1.825452461609883], "maze:(3, 0)": [3.531669272656379, 4.404173737570694, 4.664597174384072, 3.552129948302329], "maze:(2, 0)": [2.292172716896862, 3.4037272550898106, 3.5113972026964753, 3.3385500376930346], "maze:(3, 3)": [3.4709222320617443, 3.8284939186935585, 2.4021082292116747, 1.5338793869427203], "maze:(1, 2)": [1.6204553030981044, 3.375088686944722, 3.2585716635873796, 3.262473885928973], "maze:(4, 3)": [1.8887769311915314, 7.555014225657876, 0, 0], "maze:(4, 5)": [2.011004511983312, 6.066722194860159, 0, 1.4709423394064556], "maze:(3, 5)": [2.827532190798792, 4.103199722044736, 2.0292959672616417, 3.965471180463197], "maze:(2, 2)": [3.0098654055586893, 2.85396746919191, 2.7536195165517174, 3.4455803249568686], "maze:(3, 1)": [3.537940362322206, 3.4140736105242824, 3.1252579570762036, 2.4722596220934996], "maze:(4, 1)": [3.601134989258041, 4.241335019663742, 4.586380743783915, 3.6621340446972446], "maze:(0, 4)": [2.864252198309218, 2.900510329754106, 2.564433257569062, 2.7205320212069317], "maze:(0, 3)": [3.170565457541433, 3.252340686302185, 2.561188415495632, 2.2776148035482056], "maze:(5, 3)": [0, 7.626810832414219, 0, 0], "maze:(2, 1)": [3.1750396921071875, 3.6221771631933795, 2.8836874662936713, 3.023718019563693], "maze:(2, 5)": [1.3703544562884729, 3.269503341482596, 2.1184193346941447, 1.7576028413231344], "maze:(5, 6)": [1.7872671831175158, 7.665420477304112, 4.8039185072931, 4.2828814902845656], "maze:(5, 5)": [3.984180841280512, 7.388858125519075, 1.293868704175422, 1.430278313644541], "maze:(0, 2)": [2.8589498907578617, 2.356444748565232, 2.912446612350864, 2.4391446714361673], "maze:(6, 3)": [0, 0, 3.399031565680731, 7.689936547271445], "maze:(6, 4)": [2.855461942815847, 0, 0.7525433302798527, 7.716735157743895], "maze:(6, 1)": [2.7068231345923084, 5.437283943080258, 2.0168373901782366, 6.442023556201059], "maze:(6, 2)": [7.109559725548586, 7.4324709707355865, 3.9557196752570314, 7.5755824448035955],